snippetId,errorMessageStyle,model,comprehensible,correct,improvement,hasHint,hintCorrect,adheresToGuidelines
snippetD,contingent,qwen2.5-coder:7b,true,true,true,true,true,true
snippetD,pragmatic,qwen2.5-coder:7b,true,true,true,true,true,true
snippetB,pragmatic,qwen2.5-coder:7b,true,true,true,true,true,true
snippetB,contingent,qwen2.5-coder:7b,true,false,false,true,false,true
snippetD,contingent,qwen2.5-coder:7b,true,true,true,true,true,true
snippetD,pragmatic,qwen2.5-coder:7b,true,true,true,true,true,true
snippetB,pragmatic,qwen2.5-coder:7b,true,true,true,true,true,true
snippetD,contingent,qwen2.5-coder:7b,true,true,true,true,true,true
snippetD,pragmatic,qwen2.5-coder:7b,true,true,true,true,true,true
snippetB,pragmatic,qwen2.5-coder:7b,true,true,true,true,true,true
snippetD,contingent,qwen2.5-coder:7b,true,true,true,true,true,true
snippetD,pragmatic,qwen2.5-coder:7b,true,true,true,true,true,true
snippetB,pragmatic,qwen2.5-coder:7b,true,true,true,true,true,true
snippetD,contingent,qwen2.5-coder:7b,true,false,true,true,true,true
snippetD,pragmatic,qwen2.5-coder:7b,true,true,true,true,true,true
snippetB,pragmatic,qwen2.5-coder:7b,true,true,true,true,true,true
snippetD,contingent,qwen2.5-coder:7b,true,true,true,false,true,true
snippetD,pragmatic,qwen2.5-coder:7b,true,true,true,true,true,true
snippetB,pragmatic,qwen2.5-coder:7b,true,true,false,true,true,true
snippetA,pragmatic,qwen2.5-coder:7b,true,true,true,true,true,true
snippetC,pragmatic,qwen2.5-coder:7b,true,true,false,true,true,true
snippetD,pragmatic,qwen2.5:7b,true,true,true,false,true,true
snippetA,contingent,qwen2.5:7b,true,true,true,true,false,true
snippetC,pragmatic,qwen2.5:7b,true,true,true,true,false,true
snippetB,pragmatic,qwen2.5:7b,true,true,true,true,true,false
snippetC,contingent,qwen2.5:7b,true,true,true,true,false,true
snippetB,pragmatic,qwen2.5:7b,true,true,true,true,true,false
snippetA,pragmatic,qwen2.5:7b,true,true,true,true,true,true
snippetA,contingent,qwen2.5:7b,false,true,false,false,true,false
snippetB,pragmatic,qwen2.5:7b,true,false,true,true,false,true
snippetB,contingent,qwen2.5:7b,false,false,false,true,false,false
snippetC,pragmatic,qwen2.5:7b,true,true,true,true,true,true
snippetC,contingent,qwen2.5:7b,false,true,false,true,true,false
snippetD,pragmatic,qwen2.5:7b,true,true,true,true,true,true
snippetD,contingent,qwen2.5:7b,true,false,true,false,true,true
snippetA,pragmatic,qwen2.5-coder:7b,true,true,true,true,true,true
snippetA,contingent,qwen2.5-coder:7b,false,true,false,false,true,false
snippetB,pragmatic,qwen2.5-coder:7b,true,false,true,true,false,true
snippetB,contingent,qwen2.5-coder:7b,false,false,false,true,false,false
snippetC,pragmatic,qwen2.5-coder:7b,true,true,true,true,true,true
snippetC,contingent,qwen2.5-coder:7b,false,true,false,true,true,false
snippetD,pragmatic,qwen2.5-coder:7b,true,true,true,true,true,true
snippetD,contingent,qwen2.5-coder:7b,true,false,true,false,true,true
snippetA,pragmatic,granite3:3:8b,true,true,true,true,true,true
snippetA,contingent,granite3:3:8b,false,true,false,false,true,false
snippetB,pragmatic,granite3:3:8b,true,false,true,true,false,true
snippetB,contingent,granite3:3:8b,false,false,false,true,false,false
snippetC,pragmatic,granite3:3:8b,true,true,true,true,true,true
snippetC,contingent,granite3:3:8b,false,true,false,true,true,false
snippetD,pragmatic,granite3:3:8b,true,true,true,true,true,true
snippetD,contingent,granite3:3:8b,true,false,true,false,true,true
snippetA,pragmatic,qwen2.5:7b,true,false,true,false,true,true
snippetA,contingent,qwen2.5:7b,false,false,false,true,false,true
snippetB,pragmatic,qwen2.5:7b,false,true,true,true,true,false
snippetB,contingent,qwen2.5:7b,true,true,false,false,true,true
snippetC,pragmatic,qwen2.5:7b,false,true,true,false,true,true
snippetC,contingent,qwen2.5:7b,true,false,true,true,false,true
snippetD,pragmatic,qwen2.5:7b,false,true,false,true,true,true
snippetD,contingent,qwen2.5:7b,false,true,true,false,true,false
snippetA,pragmatic,qwen2.5-coder:7b,false,true,true,true,false,true
snippetA,contingent,qwen2.5-coder:7b,true,false,true,true,true,false
snippetB,pragmatic,qwen2.5-coder:7b,false,true,true,false,true,true
snippetB,contingent,qwen2.5-coder:7b,true,true,false,true,false,true
snippetC,pragmatic,qwen2.5-coder:7b,true,false,true,true,true,false
snippetC,contingent,qwen2.5-coder:7b,false,true,true,false,true,true
snippetD,pragmatic,qwen2.5-coder:7b,true,false,true,true,false,true
snippetD,contingent,qwen2.5-coder:7b,false,true,true,true,true,false
snippetA,pragmatic,granite3:3:8b,false,true,true,true,true,false
snippetA,contingent,granite3:3:8b,true,false,true,true,false,true
snippetB,pragmatic,granite3:3:8b,true,true,false,true,true,false
snippetB,contingent,granite3:3:8b,false,true,true,false,true,true
snippetC,pragmatic,granite3:3:8b,true,false,true,true,false,true
snippetC,contingent,granite3:3:8b,true,true,false,true,true,false
snippetD,pragmatic,granite3:3:8b,false,true,true,true,true,true
snippetD,contingent,granite3:3:8b,true,false,true,true,false,true
