"Timestamp","This code snippet is difficult to understand.","I would find it challenging to resolve the issue in this code snippet.","Reading this error message feels mentally demanding.","This error message is useful for identifying the problem.","This code snippet is difficult to understand.","I would find it challenging to resolve the issue in this code snippet.","Reading this error message feels mentally demanding.","This error message is useful for identifying the problem.","This code snippet is difficult to understand.","I would find it challenging to resolve the issue in this code snippet.","Reading this error message feels mentally demanding.","This error message is useful for identifying the problem.","This code snippet is difficult to understand.","I would find it challenging to resolve the issue in this code snippet.","Reading this error message feels mentally demanding.",Attention Check,"This error message is useful for identifying the problem.","This code snippet is difficult to understand.","I would find it challenging to resolve the issue in this code snippet.","Reading this error message feels mentally demanding.","This error message is useful for identifying the problem.","This code snippet is difficult to understand.","I would find it challenging to resolve the issue in this code snippet.","Reading this error message feels mentally demanding.","This error message is useful for identifying the problem.","This code snippet is difficult to understand.","I would find it challenging to resolve the issue in this code snippet.","Reading this error message feels mentally demanding.","This error message is useful for identifying the problem.","This code snippet is difficult to understand.","I would find it challenging to resolve the issue in this code snippet.","Reading this error message feels mentally demanding.","This error message is useful for identifying the problem."
"2025/07/31 11:59:34 am EEST","1","1","3","3","3","1","1","2","1","3","3","3","1","1","2","5","2","2","3","3","1","2","3","2","2","2","3","3","1","2","3","3","2"
"2025/07/31 3:16:40 pm EEST","4","4","4","2","2","1","1","5","1","1","3","4","3","2","4","5","4","3","4","4","1","2","3","2","2","1","1","1","5","4","4","4","2"
"2025/08/01 11:27:09 am EEST","3","1","1","1","3","1","1","5","1","1","1","5","1","1","1","5","5","1","5","1","1","1","1","1","5","1","1","1","5","1","1","1","5"
"2025/08/01 6:34:41 pm EEST","2","1","3","4","1","1","1","5","1","1","1","5","1","1","1","5","5","1","2","1","5","1","1","1","5","1","1","1","5","1","2","1","5"
"2025/08/01 6:50:32 pm EEST","1","2","2","2","1","1","1","5","2","2","2","3","2","1","4","5","3","1","4","4","1","1","2","2","4","1","1","1","5","3","4","4","2"
"2025/08/03 10:48:27 am EEST","1","1","1","4","1","1","1","5","1","3","2","3","1","2","2","5","4","3","2","4","1","1","2","1","4","1","1","1","4","4","3","2","3"
"2025/08/04 3:34:59 pm EEST","1","1","2","5","2","2","2","5","2","3","2","4","1","1","3","5","5","1","1","3","3","1","1","2","3","1","1","2","5","2","3","2","4"
"2025/08/04 4:04:32 pm EEST","2","1","2","2","1","1","1","5","1","1","1","5","1","1","3","5","2","2","3","3","2","2","1","4","3","1","4","4","4","1","2","3","2"
"2025/08/04 5:17:34 pm EEST","1","1","3","1","1","3","1","5","1","2","1","5","1","4","4","5","5","2","4","2","5","3","1","2","4","2","4","4","3","3","4","4","4"
"2025/08/04 6:17:51 pm EEST","2","2","3","3","1","1","2","4","2","2","1","3","2","1","4","5","5","2","3","3","2","1","2","3","4","4","3","4","2","2","2","4","4"
"2025/08/05 1:38:34 pm EEST","2","2","2","3","2","2","2","5","2","2","2","5","2","2","1","5","5","2","2","1","5","1","1","1","5","1","1","1","5","1","1","1","5"
"2025/08/05 1:48:28 pm EEST","2","2","1","5","2","1","2","5","1","1","1","5","2","2","2","5","5","1","1","1","5","2","1","1","5","1","2","2","4","2","2","2","5"
"2025/08/05 4:23:34 pm EEST","1","1","1","2","1","1","1","5","1","1","1","5","2","1","1","5","5","1","1","1","4","2","1","2","5","1","1","1","5","2","1","1","5"
"2025/08/06 3:23:08 pm EEST","2","1","1","4","2","1","1","5","2","2","3","1","2","1","1","5","4","2","2","2","3","1","2","1","5","3","4","4","2","3","3","3","3"